{
  "initialization_time_control": 0.1601855754852295,
  "execution_time_control": 629.1815159320831,
  "total_time": 629.3417015075684
}