{
  "initialization_time_control": 0.149979829788208,
  "execution_time_control": 2998.4793639183044,
  "total_time": 2998.6293437480927
}