{
  "initialization_time_control": 0.14969730377197266,
  "execution_time_control": 1219.221508026123,
  "total_time": 1219.371205329895
}