{
  "initialization_time_control": 0.15958809852600098,
  "execution_time_control": 166.42028856277466,
  "total_time": 166.57987666130066
}