{
  "initialization_time_control": 1.7677602767944336,
  "execution_time_control": 364.69355940818787,
  "total_time": 366.4613196849823
}