{
  "initialization_time_control": 0.1494431495666504,
  "execution_time_control": 398.81901144981384,
  "total_time": 398.9684545993805
}