{
  "initialization_time_control": 0.1391000747680664,
  "execution_time_control": 88.325031042099,
  "total_time": 88.46413111686707
}