{
  "initialization_time_control": 0.13993024826049805,
  "execution_time_control": 858.2367374897003,
  "total_time": 858.3766677379608
}