{
  "initialization_time_control": 0.1406707763671875,
  "execution_time_control": 6156.462821722031,
  "total_time": 6156.603492498398
}