{
  "initialization_time_control": 0.13912391662597656,
  "execution_time_control": 293.7505841255188,
  "total_time": 293.8897080421448
}