{
  "initialization_time_control": 0.13960957527160645,
  "execution_time_control": 5461.989189147949,
  "total_time": 5462.128798723221
}