{
  "initialization_time_control": 0.13811039924621582,
  "execution_time_control": 88.6992392539978,
  "total_time": 88.83734965324402
}