{
  "initialization_time_control": 0.10169625282287598,
  "execution_time_control": 962.2970545291901,
  "total_time": 962.3987507820129
}