{
  "initialization_time_control": 0.4122021198272705,
  "execution_time_control": 60.44456100463867,
  "total_time": 60.85676312446594
}