{
  "initialization_time_control": 0.10035824775695801,
  "execution_time_control": 84.6457691192627,
  "total_time": 84.74612736701965
}