{
  "initialization_time_control": 0.09791254997253418,
  "execution_time_control": 395.24592685699463,
  "total_time": 395.34383940696716
}