{
  "initialization_time_control": 0.25139760971069336,
  "execution_time_control": 654.6439666748047,
  "total_time": 654.8953642845154
}