{
  "initialization_time_control": 0.1012105941772461,
  "execution_time_control": 622.8974850177765,
  "total_time": 622.9986956119537
}