{
  "initialization_time_control": 0.10846376419067383,
  "execution_time_control": 81.84946298599243,
  "total_time": 81.9579267501831
}