{
  "initialization_time_control": 0.09840226173400879,
  "execution_time_control": 81.77396774291992,
  "total_time": 81.87237000465393
}