{
  "initialization_time_control": 0.13941740989685059,
  "execution_time_control": 93.15398168563843,
  "total_time": 93.29339909553528
}