{
  "initialization_time_planning": 0.16559195518493652,
  "execution_time_planning": 83.57218790054321,
  "total_time": 83.73777985572815
}