{
  "initialization_time_planning": 0.1704239845275879,
  "execution_time_planning": 99.26067233085632,
  "total_time": 99.43109631538391
}