{
  "initialization_time_control": 0.13945245742797852,
  "execution_time_control": 114.63476848602295,
  "total_time": 114.77422094345093
}