{
  "initialization_time_control": 0.612297773361206,
  "execution_time_control": 408.33069133758545,
  "total_time": 408.94298911094666
}