{
  "initialization_time_control": 0.16923022270202637,
  "execution_time_control": 78.11638474464417,
  "total_time": 78.28561496734619
}