{
  "initialization_time_control": 0.17029023170471191,
  "execution_time_control": 270.57664680480957,
  "total_time": 270.7469370365143
}