{
  "initialization_time_control": 0.16820883750915527,
  "execution_time_control": 76.09125280380249,
  "total_time": 76.25946164131165
}