{
  "initialization_time_planning": 0.11046099662780762,
  "execution_time_planning": 115.91679286956787,
  "total_time": 116.02725386619568
}