{
    "mae_total": 179639.69335903635,
    "mae_cmb": 167106.24258044903,
    "mae_pp": 32752.286487911253,
    "t_cpu_ms_mean": 2.206139276,
    "t_cpu_ms_median": 2.1688769999999997,
    "t_cpu_ms_std": 0.1675302746273754,
    "combined_S": 5.592734249255031
}