{
  "initialization_time_planning": 0.2627847194671631,
  "execution_time_planning": 109.48072218894958,
  "total_time": 109.74350690841675
}