{"epoch": [1, 20, 40, 60, 80, 100, 120, 140, 160, 180, 200, 220, 240, 260, 280, 300, 320, 340, 360, 380, 400], "train_loss": [], "val_loss": [], "mae_total": [6644726.391268244, 59260.27971895955, 41215.89061634031, 48652.008232234126, 25590.271800375132, 34804.438199614626, 21075.345798679227, 638642.1401701674, 19006.875664552743, 16820.43709631089, 16713.548054601604, 14947.58560121588, 32300.800578543098, 13207.566890064443, 136595.7425082218, 12745.274591757965, 118069.50739656891, 12247.995437181891, 11346.714558585874, 11320.694834621585, 11302.576681810997]}